{"precision": 0.8082191780821918, "recall": 0.5152838427947598, "fbeta": 0.6293333333333333}