{"precision": 0.810515873015873, "recall": 0.5096693699313787, "fbeta": 0.6258138644197626}